PERSON_ID,DISPLAY_FIRST_LAST
1630173,Precious Achiuwa
203500,Steven Adams
1628389,Bam Adebayo
1630534,Ochai Agbaji
1630583,Santi Aldama
1641725,Trey Alexander
1629638,Nickeil Alexander-Walker
1628960,Grayson Allen
1628386,Jarrett Allen
1630631,Jose Alvarado
203937,Kyle Anderson
1630828,Alex Antetokounmpo
203507,Giannis Antetokounmpo
203648,Thanasis Antetokounmpo
1630175,Cole Anthony
1628384,OG Anunoby
1630166,Deni Avdija
1629028,Deandre Ayton
1628963,Marvin Bagley III
1642846,Ace Bailey
1631116,Patrick Baldwin Jr.
1630163,LaMelo Ball
1628366,Lonzo Ball
1628964,Mo Bamba
1631094,Paolo Banchero
1630217,Desmond Bane
1630625,Dalano Banton
1631230,Dominick Barlow
203084,Harrison Barnes
1630567,Scottie Barnes
1642964,Brooks Barnhizer
1629628,RJ Barrett
1629646,Charles Bassey
1642419,Jamison Battle
201587,Nicolas Batum
203078,Bradley Beal
1630699,MarJon Beauchamp
1642866,Joan Beringer
1630180,Saddiq Bey
1629048,Goga Bitadze
202687,Bismack Biyombo
1641710,Anthony Black
1641778,Leaky Black
1631205,Buddy Boeheim
203992,Bogdan Bogdanović
1641737,Adem Bona
1626164,Devin Booker
1628449,Chris Boucher
1631123,Jamaree Bouyea
1628396,Tony Bradley
1631103,Malaki Branham
1631128,Christian Braun
1642886,Koby Brea
1628969,Mikal Bridges
1628970,Miles Bridges
1628415,Dillon Brooks
1641780,Johni Broome
1628971,Bruce Brown
1642468,Darius Brown
1627759,Jaylen Brown
1641738,Kobe Brown
1628973,Jalen Brunson
1642868,Carter Bryant
1628418,Thomas Bryant
1641723,Kobe Bufkin
1631174,Tyler Burton
202710,Jimmy Butler III
1641824,Matas Buzelis
1631288,Jamal Cain
203484,Kentavious Caldwell-Pope
1641739,Toumani Camara
203991,Clint Capela
1642928,Dylan Cardwell
1642382,Branden Carlson
1642267,Bub Carrington
1642269,Devin Carter
1628975,Jevon Carter
1628976,Wendell Carter Jr.
1627936,Alex Caruso
1642264,Stephon Castle
1630658,Colin Castleton
1630577,Julian Champagnie
1630551,Justin Champagnie
1642353,Cam Christie
1631108,Max Christie
1630619,Moussa Cisse
1631321,Sidy Cissoko
1641740,Jaylen Clark
1629634,Brandon Clarke
203903,Jordan Clarkson
1629651,Nic Claxton
1642383,Walter Clayton Jr.
1642363,Nique Clifford
1642270,Donovan Clingan
1641730,Noah Clowney
1629599,Amir Coffey
1642268,Isaiah Collier
1628381,John Collins
1628380,Zach Collins
201144,Mike Conley
1626192,Pat Connaughton
1631451,Javonte Cooke
1630536,Sharife Cooper
1641731,Bilal Coulibaly
1642907,Cedric Coward
1642384,Isaiah Crawford
1643018,LJ Cryer
1630595,Cade Cunningham
203552,Seth Curry
201939,Stephen Curry
1642359,Pacôme Dadiet
1630700,Dyson Daniels
1642368,N'Faly Dante
203076,Anthony Davis
1631120,JD Davison
201942,DeMar DeRozan
1642484,RayJ Dennis
1628978,Donte DiVincenzo
1631217,Moussa Diabaté
1642885,Mohamed Diawara
1641711,Gradey Dick
1630621,Hunter Dickinson
1631172,Ousmane Dieng
1642265,Rob Dillingham
1629029,Luka Dončić
1629652,Luguentz Dort
1630245,Ayo Dosunmu
203083,Andre Drummond
1627739,Kris Dunn
1642346,Ryan Dunn
201142,Kevin Durant
1631105,Jalen Duren
1642856,Egor Dëmin
1631106,Tari Eason
1641744,Zach Edey
1642845,VJ Edgecombe
1630162,Anthony Edwards
1642348,Justin Edwards
1631165,Keon Ellis
203954,Joel Embiid
1642400,Tristan Enaruna
1642855,Noa Essengue
1630623,Tyson Etienne
1629234,Drew Eubanks
1641787,Tosan Evbuomwan
1642847,Jeremiah Fears
1642271,Kyle Filipowski
1627827,Dorian Finney-Smith
1642843,Cooper Flagg
1642853,Rasheer Fleming
1642280,Trentyn Flowers
1631323,Simone Fontecchio
1628368,De'Aaron Fox
1642402,Enrique Freeman
1642277,Johnny Furphy
1629655,Daniel Gafford
1643158,Andersson Garcia
1642066,Myron Gardner
1629636,Darius Garland
1630568,Luka Garza
1641718,Keyonte George
1642273,Kyshawn George
202331,Paul George
201959,Taj Gibson
1630581,Josh Giddey
1642933,Keshon Gilbert
1628983,Shai Gilgeous-Alexander
1630264,Anthony Gill
1631221,Collin Gillespie
203497,Rudy Gobert
1642884,Vladislav Goldin
1642864,Hugo González
1630692,Jordan Goodwin
203932,Aaron Gordon
201569,Eric Gordon
203924,Jerami Grant
1631260,AJ Green
203110,Draymond Green
1630224,Jalen Green
1629750,Javonte Green
201145,Jeff Green
1630182,Josh Green
1629656,Quentin Grimes
1631243,Mouhamed Gueye
1629060,Rui Hachimura
1630169,Tyrese Haliburton
1641790,PJ Hall
203501,Tim Hardaway Jr.
201935,James Harden
1630702,Jaden Hardy
1641989,Elijah Harkless
1642844,Dylan Harper
1631199,Ron Harper Jr.
203914,Gary Harris
202699,Tobias Harris
1628404,Josh Hart
1628392,Isaiah Hartenstein
1630573,Sam Hauser
1641722,Jordan Hawkins
1629637,Jaxson Hayes
1630165,Killian Hayes
1628502,Nigel Hayes-Davis
1630703,Scoot Henderson
1641707,Taylor Hendricks
1642935,Chucky Hepburn
1629639,Tyler Herro
1627741,Buddy Hield
1629312,Haywood Highsmith
1642396,Blake Hinson
1628988,Aaron Holiday
201950,Jrue Holiday
1641842,Ronald Holland II
1641747,DaRon Holmes II
1631096,Chet Holmgren
201143,Al Horford
1631216,Caleb Houstan
1641724,Jett Howard
1628989,Kevin Huerter
1630643,Jay Huff
1630574,Ariel Hukporti
1629631,De'Andre Hunter
1643047,CJ Huntley
1630538,Bones Hyland
1642345,Oso Ighodaro
204060,Joe Ingles
1627742,Brandon Ingram
1631127,Harrison Ingram
202681,Kyrie Irving
1628371,Jonathan Isaac
1631093,Jaden Ivey
1641713,GG Jackson
1630543,Isaiah Jackson
1631245,Quenton Jackson
1641748,Andre Jackson Jr.
1628991,Jaren Jackson Jr.
1631218,Trayce Jackson-Davis
1642857,Kasparas Jakučionis
1642355,Bronny James
2544,LeBron James
1642883,Sion James
1631170,Jaime Jaquez Jr.
1630610,DeJon Jarreau
1641998,Trey Jemison III
1642450,Daniss Jenkins
1629660,Ty Jerome
1630198,Isaiah Joe
1642358,AJ Johnson
1629661,Cameron Johnson
1643052,Chaney Johnson
1630552,Jalen Johnson
1629640,Keldon Johnson
1642352,Keshad Johnson
1642848,Tre Johnson
203999,Nikola Jokić
1641732,Colby Jones
1642938,Curtis Jones
1641794,Dillon Jones
1630529,Herbert Jones
1642403,Isaac Jones
1642880,Kam Jones
1642461,Spencer Jones
1630200,Tre Jones
1626145,Tyus Jones
1642357,David Jones Garcia
1627884,Derrick Jones Jr.
201599,DeAndre Jordan
1631107,Nikola Jović
1630548,Johnny Juzang
1641750,Ryan Kalkbrenner
1642530,Yuki Kawamura
1631211,Trevor Keels
1642939,Miles Kelly
1628379,Luke Kennard
1643257,Jayson Kent
1631117,Walker Kessler
1630557,Corey Kispert
1628467,Maxi Kleber
1641752,Bobi Klintman
1642261,Dalton Knecht
1642851,Kon Knueppel
1642278,Tyler Kolek
1631132,Christian Koloko
1629723,John Konchar
1628436,Luke Kornet
1630249,Vít Krejčí
1630228,Jonathan Kuminga
1628398,Kyle Kuzma
1631222,Jake LaRavia
203897,Zach LaVine
1627746,Skal Labissiere
1629111,Jock Landale
1642404,Chaz Lanier
1641796,Pelle Larsson
1630639,A.J. Lawson
1627747,Caris LeVert
202695,Kawhi Leonard
1642502,Malevy Leons
1630604,E.J. Liddell
203081,Damian Lillard
1641726,Dereck Lively II
1630587,Isaiah Livers
1641753,Chris Livingston
1626172,Kevon Looney
201572,Brook Lopez
1631126,Caleb Love
201567,Kevin Love
1643133,Lawson Lovering
200768,Kyle Lowry
1642863,Khaman Maluach
1630572,Sandro Mamukelashvili
1629611,Terance Mann
1630544,Tre Mann
1628374,Lauri Markkanen
1630230,Naji Marshall
1642918,Alijah Martin
1628997,Caleb Martin
1628998,Cody Martin
1631213,Tyrese Martin
1642942,Jahmai Mashack
1629726,Garrison Mathews
1631097,Bennedict Mathurin
1631255,Karlo Matković
1630178,Tyrese Maxey
1643024,Chris Mañon
1643016,Bez Mbeng
1630540,Miles McBride
1642272,Jared McCain
1630644,Mac McClung
203468,CJ McCollum
204456,T.J. McConnell
1641755,Kevin McCullar Jr.
1630183,Jaden McDaniels
203926,Doug McDermott
1631121,Bryce McGowens
1629162,Jordan McLaughlin
1642862,Liam McNeeley
1629001,De'Anthony Melton
1630241,Sam Merrill
203114,Khris Middleton
1641706,Brandon Miller
1641801,Emanuel Miller
1641757,Jordan Miller
1631159,Leonard Miller
1642434,Riley Minix
1631169,Josh Minott
1642274,Yves Missi
1642349,Ajay Mitchell
1630558,Davion Mitchell
1628378,Donovan Mitchell
1630596,Evan Mobley
1642367,Jonathan Mogbo
1628370,Malik Monk
1630541,Moses Moody
1631111,Wendell Moore Jr.
1631457,Alex Morales
1629630,Ja Morant
1628420,Monte Morris
1630530,Trey Murphy III
1627749,Dejounte Murray
1627750,Jamal Murray
1631099,Keegan Murray
1631200,Kris Murray
1642867,Collin Murray-Boyles
1629004,Svi Mykhailiuk
1631250,Pete Nance
1626204,Larry Nance Jr.
1641761,Grant Nelson
1629614,Andrew Nembhard
1642948,Ryan Nembhard
1630174,Aaron Nesmith
1642854,Asa Newell
1641803,Tristen Newton
1642949,Yanic Konan Niederhäuser
1630192,Zeke Nnaji
203994,Jusuf Nurkić
1626220,Royce O'Neale
1642490,Josh Oduro
1629006,Josh Okogie
1630168,Onyeka Okongwu
1630171,Isaac Okoro
1642950,Lachlan Olbrich
203482,Kelly Olynyk
1641807,Norchad Omier
1626162,Kelly Oubre Jr.
101108,Chris Paul
1626166,Cameron Payne
1627780,Gary Payton II
1642877,Micah Peavy
1642951,Sean Pedulla
1642869,Noah Penda
1643007,Taelon Peter
1641809,Drew Peterson
1641763,Julian Phillips
1629618,Jalen Pickett
1630590,Scotty Pippen Jr.
1631342,Daeqwon Plowden
203486,Mason Plumlee
1641764,Brandin Podziemski
1627751,Jakob Poeltl
1629673,Jordan Poole
1641854,Craig Porter Jr.
1629645,Kevin Porter Jr.
1629008,Michael Porter Jr.
1626171,Bobby Portis
204001,Kristaps Porziņģis
1642366,Quinten Post
1630695,Micah Potter
1642967,John Poulakidas
1642962,Drake Powell
203939,Dwight Powell
1626181,Norman Powell
1627752,Taurean Prince
1630202,Payton Pritchard
1642878,Tyrese Proctor
1641765,Olivier-Maxence Prosper
1642389,Zyon Pullin
1642852,Derik Queen
1629674,Neemias Queta
1630193,Immanuel Quickley
203944,Julius Randle
1642875,Maxime Raynaud
1641871,Duop Reath
1630559,Austin Reaves
1630194,Paul Reed
1642882,Julian Reese
1641810,Antonio Reeves
1629675,Naz Reid
1642954,Will Richard
1630208,Nick Richards
1642859,Jase Richardson
1642955,Kadary Richmond
1642860,Will Riley
1642258,Zaccharie Risacher
1629130,Duncan Robinson
1629011,Mitchell Robinson
1631115,Orlando Robinson
1630526,Jeremiah Robinson-Earl
1631223,David Roddy
1631157,Ryan Rollins
1626179,Terry Rozier
1641712,Rayan Rupert
1626156,D'Angelo Russell
1642504,Cormac Ryan
1627734,Domantas Sabonis
1642275,Tidjane Salaün
1642282,Hunter Sallis
1642920,Kobe Sanders
1642362,Payton Sandfort
1630611,Gui Santos
1642879,Ben Saraf
203967,Dario Saric
1642259,Alex Sarr
1630846,Olivier Sarr
1631204,Marcus Sasser
1631248,Baylor Scheierman
203471,Dennis Schröder
1641813,Mark Sears
1630578,Alperen Sengun
1641729,Brice Sensabaugh
1629012,Collin Sexton
1629013,Landry Shamet
1630545,Terrence Shannon Jr.
1630549,Day'Ron Sharpe
1631101,Shaedon Sharpe
1642347,Jamal Shead
1641767,Ben Sheppard
1642263,Reed Sheppard
1642917,Max Shulga
1627783,Pascal Siakam
1629014,Anfernee Simons
1642354,KJ Simpson
1630579,Jericho Sims
1641771,Jalen Slawson
1642914,Javon Small
203935,Marcus Smart
1630696,Dru Smith
1630188,Jalen Smith
1641869,Malachi Smith
1642449,Tolu Smith
1641890,Tyler Smith
1631095,Jabari Smith Jr.
1641733,Nick Smith Jr.
1631110,Jeremy Sochan
1642850,Thomas Sorber
1642285,Cam Spencer
1630311,Pat Spencer
1641815,Isaiah Stevens
1630191,Isaiah Stewart
1631124,Julian Strawther
1629622,Max Strus
1630591,Jalen Suggs
1630256,Jae'Sean Tate
1628369,Jayson Tatum
1643141,Jahmyl Telfort
202066,Garrett Temple
1631207,Dalen Terry
1642876,Adou Thiero
1630560,Cam Thomas
1641708,Amen Thompson
1641709,Ausar Thompson
1630679,Ethan Thompson
202691,Klay Thompson
1629680,Matisse Thybulle
1630214,Xavier Tillman
1631166,Drew Timme
1641772,Nae'Qwan Tomlin
1642910,John Tonje
1642260,Nikola Topić
1631210,Jacob Toppin
1630167,Obi Toppin
1626157,Karl-Anthony Towns
1642849,Nolan Traore
1631247,Luke Travers
1629018,Gary Trent Jr.
1631131,Oscar Tshiebwe
1626167,Myles Turner
1641816,Hunter Tyson
1642281,Jaylon Tyson
1630649,Stanley Umude
202685,Jonas Valančiūnas
1627832,Fred VanVleet
1629020,Jarred Vanderbilt
1630170,Devin Vassell
1629216,Gabe Vincent
1641774,Tristan Vukcevic
202696,Nikola Vučević
1629731,Dean Wade
1630532,Franz Wagner
1629021,Moritz Wagner
1631133,Jabari Walker
1641716,Jarace Walker
1641717,Cason Wallace
1630811,Keaton Wallace
1641775,Jordan Walsh
1642266,Ja'Kobe Walter
1642276,Kel'el Ware
1629023,P.J. Washington
1631102,TyTy Washington Jr.
1630322,Lindy Waters III
1630570,Trendon Watford
1642364,Jamir Watkins
1631212,Peyton Watson
1642377,Jaylen Wells
1641705,Victor Wembanyama
1631104,Blake Wesley
201566,Russell Westbrook
1629632,Coby White
1628401,Derrick White
1641715,Cam Whitmore
1630598,Aaron Wiggins
203952,Andrew Wiggins
1631214,Alondes Williams
1642873,Amari Williams
1630314,Brandon Williams
1642262,Cody Williams
1629684,Grant Williams
1631114,Jalen Williams
1631119,Jaylin Williams
1629026,Kenrich Williams
1631109,Mark Williams
1631466,Nate Williams
1630172,Patrick Williams
1630533,Ziaire Williams
1629057,Robert Williams III
1631246,Vince Williams Jr.
1629627,Zion Williamson
1630592,Jalen Wilson
1630164,James Wiseman
1642874,Danny Wolf
1627824,Guerschon Yabusele
1642905,Yang Hansen
1642443,Jahmir Young
1629027,Trae Young
1642959,Chris Youngblood
1630209,Omer Yurtseven
1642911,Rocco Zikarsky
1627826,Ivica Zubac
1641783,Tristan da Silva
